{
  "Accuracy": {
    "0": 0.9883720930232558,
    "1": 0.9825581395348837,
    "2": 0.9767441860465116,
    "3": 0.9767441860465116,
    "4": 0.9534883720930233,
    "5": 0.8953488372093024
  },
  "Precision": {
    "0": 1.0,
    "1": 1.0,
    "2": 0.9908256880733946,
    "3": 0.9908256880733946,
    "4": 0.9813084112149533,
    "5": 0.9696969696969697
  },
  "Recall": {
    "0": 0.9819819819819819,
    "1": 0.972972972972973,
    "2": 0.972972972972973,
    "3": 0.972972972972973,
    "4": 0.9459459459459459,
    "5": 0.8648648648648649
  },
  "F1_Score": {
    "0": 0.990909090909091,
    "1": 0.9863013698630136,
    "2": 0.9818181818181818,
    "3": 0.9818181818181818,
    "4": 0.963302752293578,
    "5": 0.9142857142857143
  },
  "ROC_AUC": {
    "0": 0.9994092453108846,
    "1": 0.996307783193029,
    "2": 0.9971939152267022,
    "3": 0.9937970757642888,
    "4": 0.9565795303500222,
    "5": 0.9751883030571555
  },
  "Model": {
    "0": "Random Forest",
    "1": "XGBoost",
    "2": "SVM",
    "3": "Gradient Boosting",
    "4": "Decision Tree",
    "5": "KNN"
  }
}